,counts,sp_ID,Beer,sp_name
1,609839,NR_111007.1,Ambree_des_Brigands_du_Jorat,Saccharomyces cerevisiae
2,30095,NR_111354.1,Ambree_des_Brigands_du_Jorat,Saccharomyces mikatae
3,1813,NR_111355.1,Ambree_des_Brigands_du_Jorat,Saccharomyces kudriavzevii
4,551,NR_138272.1,Ambree_des_Brigands_du_Jorat,Saccharomyces paradoxus
5,528,NR_144772.1,Ambree_des_Brigands_du_Jorat,Saccharomyces cariocanus
6,391,NR_111006.1,Ambree_des_Brigands_du_Jorat,Kazachstania martiniae
7,173,NR_111030.1,Ambree_des_Brigands_du_Jorat,Brettanomyces bruxellensis
8,51,NR_138274.1,Ambree_des_Brigands_du_Jorat,Saccharomyces bayanus
9,49,NR_138273.1,Ambree_des_Brigands_du_Jorat,Saccharomyces pastorianus
10,44,NR_137586.1,Ambree_des_Brigands_du_Jorat,Saccharomyces eubayanus
11,14,NR_131316.1,Ambree_des_Brigands_du_Jorat,Alternaria alternata
12,13,NR_120017.1,Ambree_des_Brigands_du_Jorat,Rhizopus sexualis
13,11,NR_137673.1,Ambree_des_Brigands_du_Jorat,Kazachstania aquatica
14,11,NR_103585.1,Ambree_des_Brigands_du_Jorat,Malassezia restricta
15,10,NR_138158.1,Ambree_des_Brigands_du_Jorat,Kazachstania kunashirensis
16,10,NR_130655.1,Ambree_des_Brigands_du_Jorat,Filobasidium magnum
17,619541,NR_111007.1,Bieraria_Tschlin_BE,Saccharomyces cerevisiae
18,16674,NR_111354.1,Bieraria_Tschlin_BE,Saccharomyces mikatae
19,1085,NR_111355.1,Bieraria_Tschlin_BE,Saccharomyces kudriavzevii
20,631,NR_111006.1,Bieraria_Tschlin_BE,Kazachstania martiniae
21,498,NR_144772.1,Bieraria_Tschlin_BE,Saccharomyces cariocanus
22,465,NR_138272.1,Bieraria_Tschlin_BE,Saccharomyces paradoxus
23,276,NR_111030.1,Bieraria_Tschlin_BE,Brettanomyces bruxellensis
24,65,NR_111126.1,Bieraria_Tschlin_BE,Saccharomycodes ludwigii
25,43,NR_138273.1,Bieraria_Tschlin_BE,Saccharomyces pastorianus
26,43,NR_137586.1,Bieraria_Tschlin_BE,Saccharomyces eubayanus
27,32,NR_138274.1,Bieraria_Tschlin_BE,Saccharomyces bayanus
28,15,NR_138158.1,Bieraria_Tschlin_BE,Kazachstania kunashirensis
29,12,NR_130655.1,Bieraria_Tschlin_BE,Filobasidium magnum
30,10,NR_131316.1,Bieraria_Tschlin_BE,Alternaria alternata
31,615359,NR_111007.1,Brasserie_dAyent_Celsius_Folamour,Saccharomyces cerevisiae
32,13924,NR_111354.1,Brasserie_dAyent_Celsius_Folamour,Saccharomyces mikatae
33,1064,NR_138272.1,Brasserie_dAyent_Celsius_Folamour,Saccharomyces paradoxus
34,1030,NR_111030.1,Brasserie_dAyent_Celsius_Folamour,Brettanomyces bruxellensis
35,849,NR_111355.1,Brasserie_dAyent_Celsius_Folamour,Saccharomyces kudriavzevii
36,822,NR_144772.1,Brasserie_dAyent_Celsius_Folamour,Saccharomyces cariocanus
37,547,NR_111006.1,Brasserie_dAyent_Celsius_Folamour,Kazachstania martiniae
38,37,NR_137586.1,Brasserie_dAyent_Celsius_Folamour,Saccharomyces eubayanus
39,35,NR_138273.1,Brasserie_dAyent_Celsius_Folamour,Saccharomyces pastorianus
40,31,NR_111126.1,Brasserie_dAyent_Celsius_Folamour,Saccharomycodes ludwigii
41,28,NR_138274.1,Brasserie_dAyent_Celsius_Folamour,Saccharomyces bayanus
42,15,NR_138158.1,Brasserie_dAyent_Celsius_Folamour,Kazachstania kunashirensis
43,14,NR_111356.1,Brasserie_dAyent_Celsius_Folamour,Kazachstania siamensis
44,582485,NR_111007.1,Brasserie_des_5_quatre_mille_Biere_de_Zinal,Saccharomyces cerevisiae
45,14241,NR_111354.1,Brasserie_des_5_quatre_mille_Biere_de_Zinal,Saccharomyces mikatae
46,909,NR_111355.1,Brasserie_des_5_quatre_mille_Biere_de_Zinal,Saccharomyces kudriavzevii
47,570,NR_111006.1,Brasserie_des_5_quatre_mille_Biere_de_Zinal,Kazachstania martiniae
48,484,NR_144772.1,Brasserie_des_5_quatre_mille_Biere_de_Zinal,Saccharomyces cariocanus
49,466,NR_138272.1,Brasserie_des_5_quatre_mille_Biere_de_Zinal,Saccharomyces paradoxus
50,138,NR_111030.1,Brasserie_des_5_quatre_mille_Biere_de_Zinal,Brettanomyces bruxellensis
51,39,NR_137586.1,Brasserie_des_5_quatre_mille_Biere_de_Zinal,Saccharomyces eubayanus
52,32,NR_138274.1,Brasserie_des_5_quatre_mille_Biere_de_Zinal,Saccharomyces bayanus
53,26,NR_111126.1,Brasserie_des_5_quatre_mille_Biere_de_Zinal,Saccharomycodes ludwigii
54,25,NR_138273.1,Brasserie_des_5_quatre_mille_Biere_de_Zinal,Saccharomyces pastorianus
55,21,NR_138158.1,Brasserie_des_5_quatre_mille_Biere_de_Zinal,Kazachstania kunashirensis
56,11,NR_111195.1,Brasserie_des_5_quatre_mille_Biere_de_Zinal,Pichia membranifaciens
57,363837,NR_111007.1,Brasserie_du_Griffon_La_Fourbe,Saccharomyces cerevisiae
58,11283,NR_111354.1,Brasserie_du_Griffon_La_Fourbe,Saccharomyces mikatae
59,679,NR_111355.1,Brasserie_du_Griffon_La_Fourbe,Saccharomyces kudriavzevii
60,353,NR_111006.1,Brasserie_du_Griffon_La_Fourbe,Kazachstania martiniae
61,251,NR_144772.1,Brasserie_du_Griffon_La_Fourbe,Saccharomyces cariocanus
62,236,NR_138272.1,Brasserie_du_Griffon_La_Fourbe,Saccharomyces paradoxus
63,172,NR_111030.1,Brasserie_du_Griffon_La_Fourbe,Brettanomyces bruxellensis
64,110,NR_138273.1,Brasserie_du_Griffon_La_Fourbe,Saccharomyces pastorianus
65,93,NR_138274.1,Brasserie_du_Griffon_La_Fourbe,Saccharomyces bayanus
66,59,NR_111126.1,Brasserie_du_Griffon_La_Fourbe,Saccharomycodes ludwigii
67,45,NR_131316.1,Brasserie_du_Griffon_La_Fourbe,Alternaria alternata
68,36,NR_137143.1,Brasserie_du_Griffon_La_Fourbe,Alternaria destruens
69,25,NR_137586.1,Brasserie_du_Griffon_La_Fourbe,Saccharomyces eubayanus
70,21,NR_111195.1,Brasserie_du_Griffon_La_Fourbe,Pichia membranifaciens
71,14,NR_130655.1,Brasserie_du_Griffon_La_Fourbe,Filobasidium magnum
72,12,NR_138158.1,Brasserie_du_Griffon_La_Fourbe,Kazachstania kunashirensis
73,11,NR_119960.1,Brasserie_du_Griffon_La_Fourbe,Cladosporium grevilleae
74,10,NR_131277.1,Brasserie_du_Griffon_La_Fourbe,Aspergillus versicolor
75,465984,NR_111007.1,Brasserie_DuPont_BioLegere,Saccharomyces cerevisiae
76,14875,NR_111354.1,Brasserie_DuPont_BioLegere,Saccharomyces mikatae
77,1019,NR_111355.1,Brasserie_DuPont_BioLegere,Saccharomyces kudriavzevii
78,364,NR_111006.1,Brasserie_DuPont_BioLegere,Kazachstania martiniae
79,344,NR_144772.1,Brasserie_DuPont_BioLegere,Saccharomyces cariocanus
80,324,NR_138272.1,Brasserie_DuPont_BioLegere,Saccharomyces paradoxus
81,37,NR_111030.1,Brasserie_DuPont_BioLegere,Brettanomyces bruxellensis
82,34,NR_138273.1,Brasserie_DuPont_BioLegere,Saccharomyces pastorianus
83,29,NR_138274.1,Brasserie_DuPont_BioLegere,Saccharomyces bayanus
84,20,NR_137586.1,Brasserie_DuPont_BioLegere,Saccharomyces eubayanus
85,11,NR_111195.1,Brasserie_DuPont_BioLegere,Pichia membranifaciens
86,435831,NR_111007.1,Brasserie_du_Vieux_Chemin_La_Prudencia,Saccharomyces cerevisiae
87,14391,NR_111354.1,Brasserie_du_Vieux_Chemin_La_Prudencia,Saccharomyces mikatae
88,1016,NR_111355.1,Brasserie_du_Vieux_Chemin_La_Prudencia,Saccharomyces kudriavzevii
89,395,NR_138272.1,Brasserie_du_Vieux_Chemin_La_Prudencia,Saccharomyces paradoxus
90,366,NR_111006.1,Brasserie_du_Vieux_Chemin_La_Prudencia,Kazachstania martiniae
91,360,NR_144772.1,Brasserie_du_Vieux_Chemin_La_Prudencia,Saccharomyces cariocanus
92,204,NR_111195.1,Brasserie_du_Vieux_Chemin_La_Prudencia,Pichia membranifaciens
93,100,NR_111210.1,Brasserie_du_Vieux_Chemin_La_Prudencia,Wickerhamomyces anomalus
94,73,NR_111030.1,Brasserie_du_Vieux_Chemin_La_Prudencia,Brettanomyces bruxellensis
95,28,NR_111126.1,Brasserie_du_Vieux_Chemin_La_Prudencia,Saccharomycodes ludwigii
96,27,NR_138273.1,Brasserie_du_Vieux_Chemin_La_Prudencia,Saccharomyces pastorianus
97,26,NR_138274.1,Brasserie_du_Vieux_Chemin_La_Prudencia,Saccharomyces bayanus
98,21,NR_137586.1,Brasserie_du_Vieux_Chemin_La_Prudencia,Saccharomyces eubayanus
99,17,NR_137143.1,Brasserie_du_Vieux_Chemin_La_Prudencia,Alternaria destruens
100,12,NR_138158.1,Brasserie_du_Vieux_Chemin_La_Prudencia,Kazachstania kunashirensis
101,372087,NR_111007.1,Brasserie_Gessienne_Blanche,Saccharomyces cerevisiae
102,6047,NR_111354.1,Brasserie_Gessienne_Blanche,Saccharomyces mikatae
103,346,NR_111006.1,Brasserie_Gessienne_Blanche,Kazachstania martiniae
104,308,NR_111355.1,Brasserie_Gessienne_Blanche,Saccharomyces kudriavzevii
105,192,NR_138272.1,Brasserie_Gessienne_Blanche,Saccharomyces paradoxus
106,184,NR_144772.1,Brasserie_Gessienne_Blanche,Saccharomyces cariocanus
107,22,NR_111030.1,Brasserie_Gessienne_Blanche,Brettanomyces bruxellensis
108,20,NR_138273.1,Brasserie_Gessienne_Blanche,Saccharomyces pastorianus
109,17,NR_138274.1,Brasserie_Gessienne_Blanche,Saccharomyces bayanus
110,13,NR_137723.1,Brasserie_Gessienne_Blanche,Clavispora reshetovae
111,12,NR_137143.1,Brasserie_Gessienne_Blanche,Alternaria destruens
112,11,NR_138158.1,Brasserie_Gessienne_Blanche,Kazachstania kunashirensis
113,10,NR_137586.1,Brasserie_Gessienne_Blanche,Saccharomyces eubayanus
114,330012,NR_111007.1,Brasserie_Sierrvoise_Noire,Saccharomyces cerevisiae
115,18494,NR_111354.1,Brasserie_Sierrvoise_Noire,Saccharomyces mikatae
116,1023,NR_111355.1,Brasserie_Sierrvoise_Noire,Saccharomyces kudriavzevii
117,652,NR_138274.1,Brasserie_Sierrvoise_Noire,Saccharomyces bayanus
118,612,NR_138273.1,Brasserie_Sierrvoise_Noire,Saccharomyces pastorianus
119,583,NR_111006.1,Brasserie_Sierrvoise_Noire,Kazachstania martiniae
120,307,NR_144772.1,Brasserie_Sierrvoise_Noire,Saccharomyces cariocanus
121,279,NR_138272.1,Brasserie_Sierrvoise_Noire,Saccharomyces paradoxus
122,74,NR_137586.1,Brasserie_Sierrvoise_Noire,Saccharomyces eubayanus
123,58,NR_111195.1,Brasserie_Sierrvoise_Noire,Pichia membranifaciens
124,32,NR_111030.1,Brasserie_Sierrvoise_Noire,Brettanomyces bruxellensis
125,26,NR_119960.1,Brasserie_Sierrvoise_Noire,Cladosporium grevilleae
126,21,NR_137143.1,Brasserie_Sierrvoise_Noire,Alternaria destruens
127,17,NR_131316.1,Brasserie_Sierrvoise_Noire,Alternaria alternata
128,12,NR_144829.1,Brasserie_Sierrvoise_Noire,Penicillium cravenianum
129,12,NR_131277.1,Brasserie_Sierrvoise_Noire,Aspergillus versicolor
130,560618,NR_111007.1,Brasserie_Tardiv,Saccharomyces cerevisiae
131,19769,NR_111354.1,Brasserie_Tardiv,Saccharomyces mikatae
132,1012,NR_138273.1,Brasserie_Tardiv,Saccharomyces pastorianus
133,989,NR_138274.1,Brasserie_Tardiv,Saccharomyces bayanus
134,930,NR_111355.1,Brasserie_Tardiv,Saccharomyces kudriavzevii
135,828,NR_111006.1,Brasserie_Tardiv,Kazachstania martiniae
136,369,NR_144772.1,Brasserie_Tardiv,Saccharomyces cariocanus
137,363,NR_138272.1,Brasserie_Tardiv,Saccharomyces paradoxus
138,100,NR_111030.1,Brasserie_Tardiv,Brettanomyces bruxellensis
139,95,NR_137586.1,Brasserie_Tardiv,Saccharomyces eubayanus
140,23,NR_111126.1,Brasserie_Tardiv,Saccharomycodes ludwigii
141,404668,NR_111007.1,Brasseurs_de_Volleges_La_Tourbillon,Saccharomyces cerevisiae
142,9689,NR_111354.1,Brasseurs_de_Volleges_La_Tourbillon,Saccharomyces mikatae
143,798,NR_111355.1,Brasseurs_de_Volleges_La_Tourbillon,Saccharomyces kudriavzevii
144,783,NR_138272.1,Brasseurs_de_Volleges_La_Tourbillon,Saccharomyces paradoxus
145,606,NR_144772.1,Brasseurs_de_Volleges_La_Tourbillon,Saccharomyces cariocanus
146,385,NR_111006.1,Brasseurs_de_Volleges_La_Tourbillon,Kazachstania martiniae
147,70,NR_111030.1,Brasseurs_de_Volleges_La_Tourbillon,Brettanomyces bruxellensis
148,53,NR_132075.1,Brasseurs_de_Volleges_La_Tourbillon,Wallemia muriae
149,38,NR_138273.1,Brasseurs_de_Volleges_La_Tourbillon,Saccharomyces pastorianus
150,36,NR_138274.1,Brasseurs_de_Volleges_La_Tourbillon,Saccharomyces bayanus
151,35,NR_111126.1,Brasseurs_de_Volleges_La_Tourbillon,Saccharomycodes ludwigii
152,30,NR_138336.1,Brasseurs_de_Volleges_La_Tourbillon,Penicillium kongii
153,22,NR_111210.1,Brasseurs_de_Volleges_La_Tourbillon,Wickerhamomyces anomalus
154,20,NR_137586.1,Brasseurs_de_Volleges_La_Tourbillon,Saccharomyces eubayanus
155,12,NR_138158.1,Brasseurs_de_Volleges_La_Tourbillon,Kazachstania kunashirensis
156,12,NR_126116.1,Brasseurs_de_Volleges_La_Tourbillon,Mucor circinelloides
157,11,NR_131316.1,Brasseurs_de_Volleges_La_Tourbillon,Alternaria alternata
158,458598,NR_111007.1,Calvinus_Blanche,Saccharomyces cerevisiae
159,12392,NR_111354.1,Calvinus_Blanche,Saccharomyces mikatae
160,710,NR_111355.1,Calvinus_Blanche,Saccharomyces kudriavzevii
161,337,NR_111006.1,Calvinus_Blanche,Kazachstania martiniae
162,316,NR_144772.1,Calvinus_Blanche,Saccharomyces cariocanus
163,296,NR_138272.1,Calvinus_Blanche,Saccharomyces paradoxus
164,40,NR_111030.1,Calvinus_Blanche,Brettanomyces bruxellensis
165,32,NR_137586.1,Calvinus_Blanche,Saccharomyces eubayanus
166,26,NR_138274.1,Calvinus_Blanche,Saccharomyces bayanus
167,22,NR_138273.1,Calvinus_Blanche,Saccharomyces pastorianus
168,20,NR_137143.1,Calvinus_Blanche,Alternaria destruens
169,15,NR_131316.1,Calvinus_Blanche,Alternaria alternata
170,12,NR_111195.1,Calvinus_Blanche,Pichia membranifaciens
171,10,NR_130688.1,Calvinus_Blanche,Pichia fermentans
172,546183,NR_111007.1,Chimay_Red_Cap,Saccharomyces cerevisiae
173,3496,NR_111354.1,Chimay_Red_Cap,Saccharomyces mikatae
174,698,NR_111006.1,Chimay_Red_Cap,Kazachstania martiniae
175,282,NR_111355.1,Chimay_Red_Cap,Saccharomyces kudriavzevii
176,206,NR_138272.1,Chimay_Red_Cap,Saccharomyces paradoxus
177,205,NR_144772.1,Chimay_Red_Cap,Saccharomyces cariocanus
178,158,NR_111030.1,Chimay_Red_Cap,Brettanomyces bruxellensis
179,63,NR_103585.1,Chimay_Red_Cap,Malassezia restricta
180,54,NR_131316.1,Chimay_Red_Cap,Alternaria alternata
181,47,NR_137143.1,Chimay_Red_Cap,Alternaria destruens
182,38,NR_073240.1,Chimay_Red_Cap,Cutaneotrichosporon moniliiforme
183,34,NR_111153.1,Chimay_Red_Cap,Kurtzmaniella cleridarum
184,24,NR_111475.1,Chimay_Red_Cap,Malassezia globosa
185,24,NR_077153.1,Chimay_Red_Cap,Penicillium crustosum
186,18,NR_077163.1,Chimay_Red_Cap,Gelasinospora tetrasperma
187,18,NR_073296.1,Chimay_Red_Cap,Rhodotorula mucilaginosa
188,17,NR_138158.1,Chimay_Red_Cap,Kazachstania kunashirensis
189,16,NR_131315.1,Chimay_Red_Cap,Pichia kudriavzevii
190,15,NR_138342.1,Chimay_Red_Cap,Penicillium fusisporum
191,14,NR_138274.1,Chimay_Red_Cap,Saccharomyces bayanus
192,14,NR_137686.1,Chimay_Red_Cap,Sporidiobolus metaroseus
193,14,NR_132919.1,Chimay_Red_Cap,Ganoderma destructans
194,14,NR_077131.1,Chimay_Red_Cap,Neurospora terricola
195,13,NR_130655.1,Chimay_Red_Cap,Filobasidium magnum
196,12,NR_144909.1,Chimay_Red_Cap,Aureobasidium pullulans
197,12,NR_137586.1,Chimay_Red_Cap,Saccharomyces eubayanus
198,12,NR_135979.1,Chimay_Red_Cap,Epicoccum brasiliense
199,12,NR_130673.1,Chimay_Red_Cap,Candida parapsilosis
200,11,NR_138273.1,Chimay_Red_Cap,Saccharomyces pastorianus
201,578629,NR_111007.1,Chimay_Tripel,Saccharomyces cerevisiae
202,5086,NR_111354.1,Chimay_Tripel,Saccharomyces mikatae
203,797,NR_111006.1,Chimay_Tripel,Kazachstania martiniae
204,668,NR_111355.1,Chimay_Tripel,Saccharomyces kudriavzevii
205,322,NR_138272.1,Chimay_Tripel,Saccharomyces paradoxus
206,319,NR_144772.1,Chimay_Tripel,Saccharomyces cariocanus
207,46,NR_138158.1,Chimay_Tripel,Kazachstania kunashirensis
208,26,NR_138273.1,Chimay_Tripel,Saccharomyces pastorianus
209,25,NR_111030.1,Chimay_Tripel,Brettanomyces bruxellensis
210,24,NR_138274.1,Chimay_Tripel,Saccharomyces bayanus
211,24,NR_137586.1,Chimay_Tripel,Saccharomyces eubayanus
212,592725,NR_111007.1,Coudres_Blonde,Saccharomyces cerevisiae
213,44553,NR_111354.1,Coudres_Blonde,Saccharomyces mikatae
214,3854,NR_138274.1,Coudres_Blonde,Saccharomyces bayanus
215,3690,NR_138273.1,Coudres_Blonde,Saccharomyces pastorianus
216,2143,NR_111355.1,Coudres_Blonde,Saccharomyces kudriavzevii
217,2109,NR_111006.1,Coudres_Blonde,Kazachstania martiniae
218,730,NR_138272.1,Coudres_Blonde,Saccharomyces paradoxus
219,699,NR_144772.1,Coudres_Blonde,Saccharomyces cariocanus
220,309,NR_137586.1,Coudres_Blonde,Saccharomyces eubayanus
221,177,NR_111030.1,Coudres_Blonde,Brettanomyces bruxellensis
222,63,NR_111126.1,Coudres_Blonde,Saccharomycodes ludwigii
223,14,NR_138158.1,Coudres_Blonde,Kazachstania kunashirensis
224,14,NR_111195.1,Coudres_Blonde,Pichia membranifaciens
225,13,NR_131316.1,Coudres_Blonde,Alternaria alternata
226,345432,NR_111007.1,Coudres_Pale_Ale,Saccharomyces cerevisiae
227,68026,NR_111195.1,Coudres_Pale_Ale,Pichia membranifaciens
228,12821,NR_111354.1,Coudres_Pale_Ale,Saccharomyces mikatae
229,1497,NR_138272.1,Coudres_Pale_Ale,Saccharomyces paradoxus
230,1260,NR_144772.1,Coudres_Pale_Ale,Saccharomyces cariocanus
231,1035,NR_111355.1,Coudres_Pale_Ale,Saccharomyces kudriavzevii
232,320,NR_111006.1,Coudres_Pale_Ale,Kazachstania martiniae
233,80,NR_111210.1,Coudres_Pale_Ale,Wickerhamomyces anomalus
234,54,NR_137586.1,Coudres_Pale_Ale,Saccharomyces eubayanus
235,49,NR_111030.1,Coudres_Pale_Ale,Brettanomyces bruxellensis
236,43,NR_138273.1,Coudres_Pale_Ale,Saccharomyces pastorianus
237,37,NR_138274.1,Coudres_Pale_Ale,Saccharomyces bayanus
238,14,NR_111126.1,Coudres_Pale_Ale,Saccharomycodes ludwigii
239,10,NR_132798.1,Coudres_Pale_Ale,Roccella elisabethae
240,10,NR_131316.1,Coudres_Pale_Ale,Alternaria alternata
241,10,NR_119960.1,Coudres_Pale_Ale,Cladosporium grevilleae
242,618714,NR_111007.1,Delirium_Tremens,Saccharomyces cerevisiae
243,5381,NR_111354.1,Delirium_Tremens,Saccharomyces mikatae
244,921,NR_111006.1,Delirium_Tremens,Kazachstania martiniae
245,560,NR_111355.1,Delirium_Tremens,Saccharomyces kudriavzevii
246,404,NR_111030.1,Delirium_Tremens,Brettanomyces bruxellensis
247,316,NR_144772.1,Delirium_Tremens,Saccharomyces cariocanus
248,260,NR_138272.1,Delirium_Tremens,Saccharomyces paradoxus
249,28,NR_138273.1,Delirium_Tremens,Saccharomyces pastorianus
250,25,NR_138158.1,Delirium_Tremens,Kazachstania kunashirensis
251,20,NR_137586.1,Delirium_Tremens,Saccharomyces eubayanus
252,17,NR_111126.1,Delirium_Tremens,Saccharomycodes ludwigii
253,16,NR_138274.1,Delirium_Tremens,Saccharomyces bayanus
254,11,NR_111356.1,Delirium_Tremens,Kazachstania siamensis
255,647070,NR_111007.1,Docteur_Gabs_Houleuse,Saccharomyces cerevisiae
256,25919,NR_111354.1,Docteur_Gabs_Houleuse,Saccharomyces mikatae
257,2341,NR_138272.1,Docteur_Gabs_Houleuse,Saccharomyces paradoxus
258,2004,NR_111355.1,Docteur_Gabs_Houleuse,Saccharomyces kudriavzevii
259,1858,NR_144772.1,Docteur_Gabs_Houleuse,Saccharomyces cariocanus
260,501,NR_111006.1,Docteur_Gabs_Houleuse,Kazachstania martiniae
261,53,NR_138274.1,Docteur_Gabs_Houleuse,Saccharomyces bayanus
262,52,NR_138273.1,Docteur_Gabs_Houleuse,Saccharomyces pastorianus
263,51,NR_111030.1,Docteur_Gabs_Houleuse,Brettanomyces bruxellensis
264,43,NR_137586.1,Docteur_Gabs_Houleuse,Saccharomyces eubayanus
265,14,NR_137143.1,Docteur_Gabs_Houleuse,Alternaria destruens
266,12,NR_138158.1,Docteur_Gabs_Houleuse,Kazachstania kunashirensis
267,10,NR_130655.1,Docteur_Gabs_Houleuse,Filobasidium magnum
268,10,NR_111195.1,Docteur_Gabs_Houleuse,Pichia membranifaciens
269,587427,NR_111007.1,Docteur_Gabs_Pepite,Saccharomyces cerevisiae
270,6668,NR_111354.1,Docteur_Gabs_Pepite,Saccharomyces mikatae
271,817,NR_111006.1,Docteur_Gabs_Pepite,Kazachstania martiniae
272,699,NR_111355.1,Docteur_Gabs_Pepite,Saccharomyces kudriavzevii
273,373,NR_138272.1,Docteur_Gabs_Pepite,Saccharomyces paradoxus
274,372,NR_144772.1,Docteur_Gabs_Pepite,Saccharomyces cariocanus
275,192,NR_111195.1,Docteur_Gabs_Pepite,Pichia membranifaciens
276,43,NR_111030.1,Docteur_Gabs_Pepite,Brettanomyces bruxellensis
277,31,NR_138158.1,Docteur_Gabs_Pepite,Kazachstania kunashirensis
278,22,NR_138273.1,Docteur_Gabs_Pepite,Saccharomyces pastorianus
279,19,NR_138274.1,Docteur_Gabs_Pepite,Saccharomyces bayanus
280,15,NR_137586.1,Docteur_Gabs_Pepite,Saccharomyces eubayanus
281,639011,NR_111007.1,Docteur_Gabs_Tempete,Saccharomyces cerevisiae
282,3765,NR_111354.1,Docteur_Gabs_Tempete,Saccharomyces mikatae
283,819,NR_111006.1,Docteur_Gabs_Tempete,Kazachstania martiniae
284,365,NR_111355.1,Docteur_Gabs_Tempete,Saccharomyces kudriavzevii
285,275,NR_144772.1,Docteur_Gabs_Tempete,Saccharomyces cariocanus
286,259,NR_138272.1,Docteur_Gabs_Tempete,Saccharomyces paradoxus
287,61,NR_111030.1,Docteur_Gabs_Tempete,Brettanomyces bruxellensis
288,31,NR_138158.1,Docteur_Gabs_Tempete,Kazachstania kunashirensis
289,19,NR_138274.1,Docteur_Gabs_Tempete,Saccharomyces bayanus
290,15,NR_137586.1,Docteur_Gabs_Tempete,Saccharomyces eubayanus
291,13,NR_138273.1,Docteur_Gabs_Tempete,Saccharomyces pastorianus
292,475056,NR_111007.1,Hackuarium_Fakufaku,Saccharomyces cerevisiae
293,11827,NR_111354.1,Hackuarium_Fakufaku,Saccharomyces mikatae
294,613,NR_111355.1,Hackuarium_Fakufaku,Saccharomyces kudriavzevii
295,573,NR_111030.1,Hackuarium_Fakufaku,Brettanomyces bruxellensis
296,297,NR_111006.1,Hackuarium_Fakufaku,Kazachstania martiniae
297,294,NR_138272.1,Hackuarium_Fakufaku,Saccharomyces paradoxus
298,274,NR_144772.1,Hackuarium_Fakufaku,Saccharomyces cariocanus
299,26,NR_137586.1,Hackuarium_Fakufaku,Saccharomyces eubayanus
300,25,NR_138273.1,Hackuarium_Fakufaku,Saccharomyces pastorianus
301,12,NR_138274.1,Hackuarium_Fakufaku,Saccharomyces bayanus
302,12,NR_111126.1,Hackuarium_Fakufaku,Saccharomycodes ludwigii
303,10,NR_138158.1,Hackuarium_Fakufaku,Kazachstania kunashirensis
304,561199,NR_111007.1,Homebrew_Amber_Ale,Saccharomyces cerevisiae
305,14976,NR_111354.1,Homebrew_Amber_Ale,Saccharomyces mikatae
306,763,NR_111355.1,Homebrew_Amber_Ale,Saccharomyces kudriavzevii
307,378,NR_111006.1,Homebrew_Amber_Ale,Kazachstania martiniae
308,347,NR_138272.1,Homebrew_Amber_Ale,Saccharomyces paradoxus
309,309,NR_144772.1,Homebrew_Amber_Ale,Saccharomyces cariocanus
310,38,NR_137586.1,Homebrew_Amber_Ale,Saccharomyces eubayanus
311,35,NR_111030.1,Homebrew_Amber_Ale,Brettanomyces bruxellensis
312,32,NR_138274.1,Homebrew_Amber_Ale,Saccharomyces bayanus
313,32,NR_138273.1,Homebrew_Amber_Ale,Saccharomyces pastorianus
314,18,NR_132075.1,Homebrew_Amber_Ale,Wallemia muriae
315,18,NR_111195.1,Homebrew_Amber_Ale,Pichia membranifaciens
316,328933,NR_111007.1,Homebrew_Roter_Baron,Saccharomyces cerevisiae
317,15822,NR_111354.1,Homebrew_Roter_Baron,Saccharomyces mikatae
318,1799,NR_138272.1,Homebrew_Roter_Baron,Saccharomyces paradoxus
319,1353,NR_144772.1,Homebrew_Roter_Baron,Saccharomyces cariocanus
320,1145,NR_111355.1,Homebrew_Roter_Baron,Saccharomyces kudriavzevii
321,322,NR_111006.1,Homebrew_Roter_Baron,Kazachstania martiniae
322,47,NR_111030.1,Homebrew_Roter_Baron,Brettanomyces bruxellensis
323,31,NR_137586.1,Homebrew_Roter_Baron,Saccharomyces eubayanus
324,27,NR_138274.1,Homebrew_Roter_Baron,Saccharomyces bayanus
325,27,NR_138273.1,Homebrew_Roter_Baron,Saccharomyces pastorianus
326,10,NR_111195.1,Homebrew_Roter_Baron,Pichia membranifaciens
327,411468,NR_111007.1,Homebrew_SquareBeer,Saccharomyces cerevisiae
328,8060,NR_111354.1,Homebrew_SquareBeer,Saccharomyces mikatae
329,554,NR_111355.1,Homebrew_SquareBeer,Saccharomyces kudriavzevii
330,370,NR_111006.1,Homebrew_SquareBeer,Kazachstania martiniae
331,260,NR_144772.1,Homebrew_SquareBeer,Saccharomyces cariocanus
332,239,NR_138272.1,Homebrew_SquareBeer,Saccharomyces paradoxus
333,67,NR_111030.1,Homebrew_SquareBeer,Brettanomyces bruxellensis
334,24,NR_138274.1,Homebrew_SquareBeer,Saccharomyces bayanus
335,23,NR_111195.1,Homebrew_SquareBeer,Pichia membranifaciens
336,17,NR_138273.1,Homebrew_SquareBeer,Saccharomyces pastorianus
337,15,NR_138158.1,Homebrew_SquareBeer,Kazachstania kunashirensis
338,15,NR_137586.1,Homebrew_SquareBeer,Saccharomyces eubayanus
339,598629,NR_111007.1,Hoppy_Couple,Saccharomyces cerevisiae
340,8766,NR_111354.1,Hoppy_Couple,Saccharomyces mikatae
341,968,NR_111355.1,Hoppy_Couple,Saccharomyces kudriavzevii
342,932,NR_111006.1,Hoppy_Couple,Kazachstania martiniae
343,389,NR_144772.1,Hoppy_Couple,Saccharomyces cariocanus
344,375,NR_138272.1,Hoppy_Couple,Saccharomyces paradoxus
345,111,NR_111030.1,Hoppy_Couple,Brettanomyces bruxellensis
346,66,NR_138273.1,Hoppy_Couple,Saccharomyces pastorianus
347,57,NR_138274.1,Hoppy_Couple,Saccharomyces bayanus
348,53,NR_137586.1,Hoppy_Couple,Saccharomyces eubayanus
349,41,NR_137143.1,Hoppy_Couple,Alternaria destruens
350,33,NR_138158.1,Hoppy_Couple,Kazachstania kunashirensis
351,25,NR_119960.1,Hoppy_Couple,Cladosporium grevilleae
352,23,NR_131316.1,Hoppy_Couple,Alternaria alternata
353,18,NR_119841.1,Hoppy_Couple,Cladosporium cucumerinum
354,11,NR_119656.1,Hoppy_Couple,Cladosporium herbarum
355,10,NR_130655.1,Hoppy_Couple,Filobasidium magnum
356,10,NR_120013.1,Hoppy_Couple,Cladosporium phlei
357,10,NR_119950.1,Hoppy_Couple,Cladosporium phaenocomae
358,10,NR_119855.1,Hoppy_Couple,Cladosporium tenuissimum
359,657767,NR_111007.1,La_cotta_bionda,Saccharomyces cerevisiae
360,19042,NR_111354.1,La_cotta_bionda,Saccharomyces mikatae
361,1240,NR_111355.1,La_cotta_bionda,Saccharomyces kudriavzevii
362,777,NR_138272.1,La_cotta_bionda,Saccharomyces paradoxus
363,677,NR_144772.1,La_cotta_bionda,Saccharomyces cariocanus
364,526,NR_111006.1,La_cotta_bionda,Kazachstania martiniae
365,486,NR_111030.1,La_cotta_bionda,Brettanomyces bruxellensis
366,88,NR_111126.1,La_cotta_bionda,Saccharomycodes ludwigii
367,42,NR_138273.1,La_cotta_bionda,Saccharomyces pastorianus
368,37,NR_137586.1,La_cotta_bionda,Saccharomyces eubayanus
369,26,NR_138274.1,La_cotta_bionda,Saccharomyces bayanus
370,15,NR_138158.1,La_cotta_bionda,Kazachstania kunashirensis
371,10,NR_111195.1,La_cotta_bionda,Pichia membranifaciens
372,364568,NR_111007.1,La_Montheysanne,Saccharomyces cerevisiae
373,14614,NR_111354.1,La_Montheysanne,Saccharomyces mikatae
374,846,NR_111355.1,La_Montheysanne,Saccharomyces kudriavzevii
375,284,NR_138272.1,La_Montheysanne,Saccharomyces paradoxus
376,276,NR_144772.1,La_Montheysanne,Saccharomyces cariocanus
377,260,NR_111006.1,La_Montheysanne,Kazachstania martiniae
378,53,NR_111030.1,La_Montheysanne,Brettanomyces bruxellensis
379,43,NR_138274.1,La_Montheysanne,Saccharomyces bayanus
380,41,NR_138273.1,La_Montheysanne,Saccharomyces pastorianus
381,37,NR_137143.1,La_Montheysanne,Alternaria destruens
382,35,NR_131316.1,La_Montheysanne,Alternaria alternata
383,32,NR_137586.1,La_Montheysanne,Saccharomyces eubayanus
384,29,NR_111195.1,La_Montheysanne,Pichia membranifaciens
385,21,NR_131277.1,La_Montheysanne,Aspergillus versicolor
386,18,NR_111210.1,La_Montheysanne,Wickerhamomyces anomalus
387,14,NR_119960.1,La_Montheysanne,Cladosporium grevilleae
388,11,NR_138367.1,La_Montheysanne,Thelebolus globosus
389,396829,NR_111007.1,La_Mule_Browney,Saccharomyces cerevisiae
390,3134,NR_111354.1,La_Mule_Browney,Saccharomyces mikatae
391,558,NR_111030.1,La_Mule_Browney,Brettanomyces bruxellensis
392,499,NR_111006.1,La_Mule_Browney,Kazachstania martiniae
393,252,NR_111355.1,La_Mule_Browney,Saccharomyces kudriavzevii
394,212,NR_138272.1,La_Mule_Browney,Saccharomyces paradoxus
395,194,NR_144772.1,La_Mule_Browney,Saccharomyces cariocanus
396,18,NR_137586.1,La_Mule_Browney,Saccharomyces eubayanus
397,17,NR_111195.1,La_Mule_Browney,Pichia membranifaciens
398,16,NR_138274.1,La_Mule_Browney,Saccharomyces bayanus
399,12,NR_137143.1,La_Mule_Browney,Alternaria destruens
400,12,NR_131316.1,La_Mule_Browney,Alternaria alternata
401,11,NR_138158.1,La_Mule_Browney,Kazachstania kunashirensis
402,520054,NR_111007.1,La_Nebuleuse_ChichaBeer_experimental,Saccharomyces cerevisiae
403,102666,NR_111030.1,La_Nebuleuse_ChichaBeer_experimental,Brettanomyces bruxellensis
404,34238,NR_111126.1,La_Nebuleuse_ChichaBeer_experimental,Saccharomycodes ludwigii
405,5407,NR_111354.1,La_Nebuleuse_ChichaBeer_experimental,Saccharomyces mikatae
406,2275,NR_138272.1,La_Nebuleuse_ChichaBeer_experimental,Saccharomyces paradoxus
407,2048,NR_144772.1,La_Nebuleuse_ChichaBeer_experimental,Saccharomyces cariocanus
408,825,NR_111355.1,La_Nebuleuse_ChichaBeer_experimental,Saccharomyces kudriavzevii
409,699,NR_111006.1,La_Nebuleuse_ChichaBeer_experimental,Kazachstania martiniae
410,46,NR_138273.1,La_Nebuleuse_ChichaBeer_experimental,Saccharomyces pastorianus
411,40,NR_138274.1,La_Nebuleuse_ChichaBeer_experimental,Saccharomyces bayanus
412,40,NR_137586.1,La_Nebuleuse_ChichaBeer_experimental,Saccharomyces eubayanus
413,31,NR_138158.1,La_Nebuleuse_ChichaBeer_experimental,Kazachstania kunashirensis
414,23,NR_138237.1,La_Nebuleuse_ChichaBeer_experimental,Ogataea wickerhamii
415,21,NR_111593.1,La_Nebuleuse_ChichaBeer_experimental,Lodderomyces elongisporus
416,19,NR_136974.1,La_Nebuleuse_ChichaBeer_experimental,Botryozyma mucatilis
417,19,NR_111310.1,La_Nebuleuse_ChichaBeer_experimental,Sporopachydermia lactativora
418,18,NR_132909.1,La_Nebuleuse_ChichaBeer_experimental,Nematodospora valgi
419,17,NR_077125.1,La_Nebuleuse_ChichaBeer_experimental,Humicola nigrescens
420,15,NR_137673.1,La_Nebuleuse_ChichaBeer_experimental,Kazachstania aquatica
421,14,NR_137144.1,La_Nebuleuse_ChichaBeer_experimental,Botryozyma americana
422,13,NR_144767.1,La_Nebuleuse_ChichaBeer_experimental,Cystobasidiopsis lophatheri
423,13,NR_138247.1,La_Nebuleuse_ChichaBeer_experimental,Lachancea quebecensis
424,12,NR_111195.1,La_Nebuleuse_ChichaBeer_experimental,Pichia membranifaciens
425,12,NR_111167.1,La_Nebuleuse_ChichaBeer_experimental,Botryozyma nematodophila
426,11,NR_111473.1,La_Nebuleuse_ChichaBeer_experimental,Candida pseudojiufengensis
427,11,NR_111471.1,La_Nebuleuse_ChichaBeer_experimental,Candida jiufengensis
428,10,NR_111419.1,La_Nebuleuse_ChichaBeer_experimental,Ogataea chonburiensis
429,10,NR_111356.1,La_Nebuleuse_ChichaBeer_experimental,Kazachstania siamensis
430,10,NR_111344.1,La_Nebuleuse_ChichaBeer_experimental,Candida bohioensis
431,10,NR_077182.1,La_Nebuleuse_ChichaBeer_experimental,Priceomyces fermenticarens
432,546753,NR_111007.1,La_Nebuleuse_Embuscade,Saccharomyces cerevisiae
433,40562,NR_111354.1,La_Nebuleuse_Embuscade,Saccharomyces mikatae
434,1973,NR_111355.1,La_Nebuleuse_Embuscade,Saccharomyces kudriavzevii
435,558,NR_138272.1,La_Nebuleuse_Embuscade,Saccharomyces paradoxus
436,503,NR_144772.1,La_Nebuleuse_Embuscade,Saccharomyces cariocanus
437,351,NR_111006.1,La_Nebuleuse_Embuscade,Kazachstania martiniae
438,109,NR_111030.1,La_Nebuleuse_Embuscade,Brettanomyces bruxellensis
439,64,NR_138274.1,La_Nebuleuse_Embuscade,Saccharomyces bayanus
440,64,NR_137586.1,La_Nebuleuse_Embuscade,Saccharomyces eubayanus
441,54,NR_138273.1,La_Nebuleuse_Embuscade,Saccharomyces pastorianus
442,11,NR_111126.1,La_Nebuleuse_Embuscade,Saccharomycodes ludwigii
443,614154,NR_111007.1,La_Nebuleuse_Malt_Capone,Saccharomyces cerevisiae
444,18176,NR_111354.1,La_Nebuleuse_Malt_Capone,Saccharomyces mikatae
445,1173,NR_111030.1,La_Nebuleuse_Malt_Capone,Brettanomyces bruxellensis
446,1088,NR_111355.1,La_Nebuleuse_Malt_Capone,Saccharomyces kudriavzevii
447,926,NR_138272.1,La_Nebuleuse_Malt_Capone,Saccharomyces paradoxus
448,742,NR_144772.1,La_Nebuleuse_Malt_Capone,Saccharomyces cariocanus
449,454,NR_111006.1,La_Nebuleuse_Malt_Capone,Kazachstania martiniae
450,42,NR_137586.1,La_Nebuleuse_Malt_Capone,Saccharomyces eubayanus
451,31,NR_138273.1,La_Nebuleuse_Malt_Capone,Saccharomyces pastorianus
452,29,NR_138274.1,La_Nebuleuse_Malt_Capone,Saccharomyces bayanus
453,10,NR_138158.1,La_Nebuleuse_Malt_Capone,Kazachstania kunashirensis
454,637328,NR_111007.1,La_Nebuleuse_Stirling,Saccharomyces cerevisiae
455,35034,NR_111354.1,La_Nebuleuse_Stirling,Saccharomyces mikatae
456,2110,NR_111355.1,La_Nebuleuse_Stirling,Saccharomyces kudriavzevii
457,1914,NR_138272.1,La_Nebuleuse_Stirling,Saccharomyces paradoxus
458,1621,NR_144772.1,La_Nebuleuse_Stirling,Saccharomyces cariocanus
459,815,NR_111006.1,La_Nebuleuse_Stirling,Kazachstania martiniae
460,690,NR_138273.1,La_Nebuleuse_Stirling,Saccharomyces pastorianus
461,684,NR_138274.1,La_Nebuleuse_Stirling,Saccharomyces bayanus
462,114,NR_111030.1,La_Nebuleuse_Stirling,Brettanomyces bruxellensis
463,98,NR_137586.1,La_Nebuleuse_Stirling,Saccharomyces eubayanus
464,20,NR_111195.1,La_Nebuleuse_Stirling,Pichia membranifaciens
465,18,NR_111126.1,La_Nebuleuse_Stirling,Saccharomycodes ludwigii
466,12,NR_138158.1,La_Nebuleuse_Stirling,Kazachstania kunashirensis
467,627111,NR_111007.1,La_Salamandre,Saccharomyces cerevisiae
468,7907,NR_111354.1,La_Salamandre,Saccharomyces mikatae
469,1871,NR_138272.1,La_Salamandre,Saccharomyces paradoxus
470,1573,NR_144772.1,La_Salamandre,Saccharomyces cariocanus
471,1200,NR_111355.1,La_Salamandre,Saccharomyces kudriavzevii
472,989,NR_111006.1,La_Salamandre,Kazachstania martiniae
473,330,NR_111195.1,La_Salamandre,Pichia membranifaciens
474,180,NR_111030.1,La_Salamandre,Brettanomyces bruxellensis
475,37,NR_137586.1,La_Salamandre,Saccharomyces eubayanus
476,34,NR_138273.1,La_Salamandre,Saccharomyces pastorianus
477,34,NR_138158.1,La_Salamandre,Kazachstania kunashirensis
478,32,NR_138274.1,La_Salamandre,Saccharomyces bayanus
479,11,NR_111126.1,La_Salamandre,Saccharomycodes ludwigii
480,10,NR_137143.1,La_Salamandre,Alternaria destruens
481,375986,NR_111007.1,Les_Muraille_Pieuse,Saccharomyces cerevisiae
482,12062,NR_111354.1,Les_Muraille_Pieuse,Saccharomyces mikatae
483,755,NR_111355.1,Les_Muraille_Pieuse,Saccharomyces kudriavzevii
484,298,NR_111006.1,Les_Muraille_Pieuse,Kazachstania martiniae
485,292,NR_144772.1,Les_Muraille_Pieuse,Saccharomyces cariocanus
486,286,NR_138272.1,Les_Muraille_Pieuse,Saccharomyces paradoxus
487,231,NR_111030.1,Les_Muraille_Pieuse,Brettanomyces bruxellensis
488,46,NR_111126.1,Les_Muraille_Pieuse,Saccharomycodes ludwigii
489,25,NR_138273.1,Les_Muraille_Pieuse,Saccharomyces pastorianus
490,23,NR_137586.1,Les_Muraille_Pieuse,Saccharomyces eubayanus
491,22,NR_138274.1,Les_Muraille_Pieuse,Saccharomyces bayanus
492,12,NR_131316.1,Les_Muraille_Pieuse,Alternaria alternata
493,382249,NR_111007.1,Mateo_21,Saccharomyces cerevisiae
494,8540,NR_111354.1,Mateo_21,Saccharomyces mikatae
495,451,NR_111355.1,Mateo_21,Saccharomyces kudriavzevii
496,376,NR_111006.1,Mateo_21,Kazachstania martiniae
497,235,NR_138272.1,Mateo_21,Saccharomyces paradoxus
498,220,NR_144772.1,Mateo_21,Saccharomyces cariocanus
499,43,NR_111030.1,Mateo_21,Brettanomyces bruxellensis
500,23,NR_137586.1,Mateo_21,Saccharomyces eubayanus
501,18,NR_131315.1,Mateo_21,Pichia kudriavzevii
502,16,NR_138273.1,Mateo_21,Saccharomyces pastorianus
503,11,NR_138158.1,Mateo_21,Kazachstania kunashirensis
504,453555,NR_111030.1,Orval,Brettanomyces bruxellensis
505,58604,NR_111007.1,Orval,Saccharomyces cerevisiae
506,3076,NR_111354.1,Orval,Saccharomyces mikatae
507,2786,NR_138272.1,Orval,Saccharomyces paradoxus
508,2754,NR_144772.1,Orval,Saccharomyces cariocanus
509,849,NR_111355.1,Orval,Saccharomyces kudriavzevii
510,203,NR_138237.1,Orval,Ogataea wickerhamii
511,129,NR_111126.1,Orval,Saccharomycodes ludwigii
512,93,NR_111006.1,Orval,Kazachstania martiniae
513,85,NR_138274.1,Orval,Saccharomyces bayanus
514,80,NR_138273.1,Orval,Saccharomyces pastorianus
515,79,NR_137586.1,Orval,Saccharomyces eubayanus
516,52,NR_130681.1,Orval,Candida apicola
517,27,NR_137700.1,Orval,Ogataea nitratoaversa
518,21,NR_111593.1,Orval,Lodderomyces elongisporus
519,20,NR_138164.1,Orval,Priceomyces melissophilus
520,18,NR_077182.1,Orval,Priceomyces fermenticarens
521,15,NR_111360.1,Orval,Candida sithepensis
522,10,NR_138215.1,Orval,Ogataea pilisensis
523,10,NR_111167.1,Orval,Botryozyma nematodophila
524,2467312,NR_111007.1,Trois_Dames,Saccharomyces cerevisiae
525,116304,NR_111354.1,Trois_Dames,Saccharomyces mikatae
526,6567,NR_111355.1,Trois_Dames,Saccharomyces kudriavzevii
527,1986,NR_138272.1,Trois_Dames,Saccharomyces paradoxus
528,1923,NR_144772.1,Trois_Dames,Saccharomyces cariocanus
529,1634,NR_111006.1,Trois_Dames,Kazachstania martiniae
530,638,NR_111030.1,Trois_Dames,Brettanomyces bruxellensis
531,207,NR_138273.1,Trois_Dames,Saccharomyces pastorianus
532,206,NR_138274.1,Trois_Dames,Saccharomyces bayanus
533,201,NR_137586.1,Trois_Dames,Saccharomyces eubayanus
534,85,NR_111195.1,Trois_Dames,Pichia membranifaciens
535,44,NR_111126.1,Trois_Dames,Saccharomycodes ludwigii
536,39,NR_138158.1,Trois_Dames,Kazachstania kunashirensis
537,33,NR_138164.1,Trois_Dames,Priceomyces melissophilus
538,28,NR_137673.1,Trois_Dames,Kazachstania aquatica
539,23,NR_111356.1,Trois_Dames,Kazachstania siamensis
540,22,NR_077182.1,Trois_Dames,Priceomyces fermenticarens
541,10,NR_137143.1,Trois_Dames,Alternaria destruens
542,10,NR_120017.1,Trois_Dames,Rhizopus sexualis
543,357000,NR_111007.1,Valaisanne_Amrich,Saccharomyces cerevisiae
544,8752,NR_111354.1,Valaisanne_Amrich,Saccharomyces mikatae
545,581,NR_111355.1,Valaisanne_Amrich,Saccharomyces kudriavzevii
546,347,NR_111006.1,Valaisanne_Amrich,Kazachstania martiniae
547,289,NR_138272.1,Valaisanne_Amrich,Saccharomyces paradoxus
548,259,NR_144772.1,Valaisanne_Amrich,Saccharomyces cariocanus
549,115,NR_111195.1,Valaisanne_Amrich,Pichia membranifaciens
550,24,NR_111030.1,Valaisanne_Amrich,Brettanomyces bruxellensis
551,18,NR_137586.1,Valaisanne_Amrich,Saccharomyces eubayanus
552,18,NR_131316.1,Valaisanne_Amrich,Alternaria alternata
553,16,NR_138273.1,Valaisanne_Amrich,Saccharomyces pastorianus
554,16,NR_137143.1,Valaisanne_Amrich,Alternaria destruens
555,15,NR_138274.1,Valaisanne_Amrich,Saccharomyces bayanus
556,15,NR_130655.1,Valaisanne_Amrich,Filobasidium magnum
557,14,NR_138296.1,Valaisanne_Amrich,Candida solani
558,14,NR_138158.1,Valaisanne_Amrich,Kazachstania kunashirensis
559,10,NR_111210.1,Valaisanne_Amrich,Wickerhamomyces anomalus
560,10,NR_111126.1,Valaisanne_Amrich,Saccharomycodes ludwigii
561,323396,NR_111007.1,Waldbier_2014_Wienerwald,Saccharomyces cerevisiae
562,18693,NR_111354.1,Waldbier_2014_Wienerwald,Saccharomyces mikatae
563,937,NR_111355.1,Waldbier_2014_Wienerwald,Saccharomyces kudriavzevii
564,580,NR_138273.1,Waldbier_2014_Wienerwald,Saccharomyces pastorianus
565,547,NR_138274.1,Waldbier_2014_Wienerwald,Saccharomyces bayanus
566,468,NR_111006.1,Waldbier_2014_Wienerwald,Kazachstania martiniae
567,259,NR_138272.1,Waldbier_2014_Wienerwald,Saccharomyces paradoxus
568,248,NR_144772.1,Waldbier_2014_Wienerwald,Saccharomyces cariocanus
569,248,NR_131316.1,Waldbier_2014_Wienerwald,Alternaria alternata
570,243,NR_137143.1,Waldbier_2014_Wienerwald,Alternaria destruens
571,64,NR_145167.1,Waldbier_2014_Wienerwald,Paraphaeosphaeria sardoa
572,64,NR_130655.1,Waldbier_2014_Wienerwald,Filobasidium magnum
573,55,NR_137586.1,Waldbier_2014_Wienerwald,Saccharomyces eubayanus
574,53,NR_119658.1,Waldbier_2014_Wienerwald,Cladosporium ramotenellum
575,38,NR_111030.1,Waldbier_2014_Wienerwald,Brettanomyces bruxellensis
576,32,NR_144909.1,Waldbier_2014_Wienerwald,Aureobasidium pullulans
577,29,NR_119663.1,Waldbier_2014_Wienerwald,Cladosporium variabile
578,24,NR_137793.1,Waldbier_2014_Wienerwald,Truncospora macrospora
579,24,NR_120009.1,Waldbier_2014_Wienerwald,Cladosporium allii
580,23,NR_135979.1,Waldbier_2014_Wienerwald,Epicoccum brasiliense
581,22,NR_130650.1,Waldbier_2014_Wienerwald,Papiliotrema aurea
582,22,NR_119890.1,Waldbier_2014_Wienerwald,Hebeloma angustisporium
583,20,NR_138368.1,Waldbier_2014_Wienerwald,Ceratobasidium ramicola
584,20,NR_132792.1,Waldbier_2014_Wienerwald,Typhula maritima
585,19,NR_120013.1,Waldbier_2014_Wienerwald,Cladosporium phlei
586,19,NR_120012.1,Waldbier_2014_Wienerwald,Cladosporium echinulatum
587,18,NR_121309.1,Waldbier_2014_Wienerwald,Thermomyces lanuginosus
588,18,NR_119656.1,Waldbier_2014_Wienerwald,Cladosporium herbarum
589,16,NR_137686.1,Waldbier_2014_Wienerwald,Sporidiobolus metaroseus
590,16,NR_119960.1,Waldbier_2014_Wienerwald,Cladosporium grevilleae
591,16,NR_119657.1,Waldbier_2014_Wienerwald,Cladosporium macrocarpum
592,15,NR_120014.1,Waldbier_2014_Wienerwald,Cladosporium soldanellae
593,14,NR_138446.1,Waldbier_2014_Wienerwald,Trichoderma neokoningii
594,14,NR_130695.1,Waldbier_2014_Wienerwald,Vishniacozyma carnescens
595,13,NR_119841.1,Waldbier_2014_Wienerwald,Cladosporium cucumerinum
596,10,NR_111044.1,Waldbier_2014_Wienerwald,Mrakia frigida
597,10,NR_077207.1,Waldbier_2014_Wienerwald,Trichoderma atroviride
